{
    "Timestamp": "2024-01-04 18:57:35",
    "Name": "Antonis",
    "Email": "antoniskape3@gmail.com",
    "Message": "DFDOODOODD"
}
{
    "Timestamp": "2024-01-04 18:57:42",
    "Name": "Antonis",
    "Email": "antoniskape3@gmail.com",
    "Message": "DFDOODOODD"
}
{
    "Timestamp": "2024-01-04 18:57:54",
    "Name": "Antonis",
    "Email": "antoniskape3@gmail.com",
    "Message": "DFDOODOODD"
}
{
    "Timestamp": "2024-01-04 18:59:07",
    "Name": "Antonis",
    "Email": "antoniskape3@gmail.com",
    "Message": "DFDOODOODD"
}
{
    "Timestamp": "2024-01-04 18:59:12",
    "Name": "Antonis",
    "Email": "antoniskape3@gmail.com",
    "Message": "DFDOODOODD"
}
{
    "Timestamp": "2024-01-05 17:15:33",
    "Name": "ffffdfdfs",
    "Email": "fdfdfdff@\u03b8\u03c5\u03c3\u03b4\u03b4\u03b9.com",
    "Message": "\u03b4\u03c6\u03b4\u03c6\u03b4\u03c6\u03c6\u03b4"
}
